Job Title,Company,Location,Experience Level,Salary,Industry,Required Skills
Early years teacher,Richardson Ltd,Sydney,Senior Level,87000,Healthcare,Pharmaceuticals
Counselling psychologist,"Ramos, Santiago and Stewart",San Francisco,Mid Level,50000,Marketing,"Google Ads, SEO, Content Writing"
Radio broadcast assistant,Franco Group,New York,Mid Level,77000,Healthcare,"Patient Care, Nursing, Medical Research, Pharmaceuticals"
"Designer, exhibition/display",Collins Inc,Berlin,Senior Level,90000,Software,Machine Learning
"Psychotherapist, dance movement",Barker Group,Sydney,Entry Level,112000,Healthcare,"Nursing, Medical Research, Pharmaceuticals"
Early years teacher,Dawson-Hudson,Sydney,Mid Level,93000,Finance,"Financial Modeling, Risk Analysis"
Academic librarian,Clark Ltd,London,Entry Level,104000,Healthcare,Pharmaceuticals
Quantity surveyor,Dean-Delacruz,Sydney,Entry Level,123000,Software,"Java, Python"
Archaeologist,Williams LLC,New York,Senior Level,102000,Finance,"Python, SQL, Risk Analysis"
Mining engineer,Berg LLC,London,Senior Level,67000,Manufacturing,Production Planning
"Education officer, environmental",Wallace-Gordon,Berlin,Senior Level,95000,Finance,"Risk Analysis, SQL, Financial Modeling"
Brewing technologist,Young-Cabrera,Sydney,Senior Level,83000,Finance,"Financial Modeling, SQL, Excel, Python"
Newspaper journalist,Cabrera Ltd,Berlin,Entry Level,79000,Marketing,"Social Media, Content Writing, SEO"
Chief Technology Officer,"Watson, Smith and Myers",San Francisco,Entry Level,149000,Retail,"Sales, Merchandising, Customer Service"
Accommodation manager,Phillips-Velasquez,London,Mid Level,103000,Manufacturing,"Supply Chain, Quality Control, Production Planning"
Management consultant,Morris Ltd,Bangalore,Entry Level,78000,Manufacturing,"Quality Control, Production Planning"
Animator,Brewer-Edwards,New York,Entry Level,65000,Finance,Excel
Fitness centre manager,Kent-Richardson,Bangalore,Senior Level,120000,Software,"Java, Python, C++"
Games developer,"Roth, Robinson and Burton",Bangalore,Senior Level,99000,Finance,Risk Analysis
Race relations officer,Erickson-Ortiz,Sydney,Entry Level,49000,Finance,"SQL, Excel, Python"
Armed forces operational officer,Miller-Jackson,Sydney,Entry Level,61000,Education,"Curriculum Design, EdTech, Research"
Commissioning editor,"Adams, Carroll and Garcia",Sydney,Entry Level,125000,Marketing,"Google Ads, Social Media, Content Writing, SEO"
Adult guidance worker,Shannon-Rojas,Toronto,Mid Level,88000,Manufacturing,"Supply Chain, Quality Control"
Contractor,"Marshall, Herrera and Sanchez",Toronto,Mid Level,107000,Retail,Merchandising
"Radiographer, therapeutic",Robinson PLC,San Francisco,Senior Level,83000,Software,Machine Learning
IT technical support officer,Jordan and Sons,Bangalore,Mid Level,100000,Education,Research
Soil scientist,Herrera LLC,Berlin,Entry Level,64000,Finance,"Risk Analysis, SQL"
Museum/gallery curator,Mendoza and Sons,Toronto,Mid Level,48000,Marketing,"SEO, Social Media, Market Research"
"Programmer, multimedia","Perkins, Mercado and Torres",San Francisco,Entry Level,119000,Marketing,"Google Ads, SEO"
Futures trader,Smith-Gates,San Francisco,Entry Level,101000,Manufacturing,"Quality Control, Supply Chain"
"Designer, furniture",Waller-Smith,Sydney,Entry Level,139000,Retail,"Customer Service, Sales, Merchandising"
"Accountant, chartered management","Jenkins, Sanchez and Wright",London,Mid Level,132000,Manufacturing,"Quality Control, Production Planning, Supply Chain"
Site engineer,Bailey Group,New York,Senior Level,64000,Finance,"Excel, Risk Analysis, Python, Financial Modeling"
"Programmer, multimedia",Kemp Inc,San Francisco,Senior Level,120000,Retail,"Customer Service, Merchandising"
Orthoptist,Jensen-Buchanan,Bangalore,Senior Level,110000,Marketing,"SEO, Google Ads"
Museum/gallery curator,"Huffman, Watts and Watson",London,Entry Level,115000,Retail,"Merchandising, Sales, Customer Service"
"Therapist, nutritional",Carter-Torres,San Francisco,Senior Level,43000,Education,EdTech
"Therapist, nutritional","Fox, Rhodes and Cain",London,Mid Level,125000,Software,Machine Learning
Cartographer,Adams-Hernandez,London,Senior Level,60000,Manufacturing,"Quality Control, Production Planning, Supply Chain"
Education administrator,Gomez and Sons,San Francisco,Mid Level,85000,Finance,"Excel, Python, SQL"
Writer,Mckinney-Martin,San Francisco,Senior Level,73000,Marketing,"Google Ads, Content Writing"
Dealer,Valdez PLC,Bangalore,Mid Level,85000,Retail,"Customer Service, Sales, Merchandising"
"Psychologist, forensic",Ross-Pennington,Sydney,Senior Level,137000,Manufacturing,Supply Chain
Clinical research associate,"Johnson, Owens and Bowen",Toronto,Senior Level,121000,Retail,"Customer Service, Sales, Merchandising"
Product manager,Robinson PLC,Bangalore,Mid Level,100000,Software,"SQL, C++"
"Doctor, hospital","Huynh, Petersen and Acosta",Toronto,Mid Level,106000,Software,"Python, SQL"
Chief Executive Officer,"Underwood, Bentley and Morris",Toronto,Senior Level,101000,Marketing,"Google Ads, Social Media, Market Research, SEO"
Insurance broker,Welch and Sons,Toronto,Mid Level,139000,Manufacturing,"Supply Chain, Quality Control"
Clinical molecular geneticist,Vazquez-Bailey,Sydney,Mid Level,147000,Manufacturing,"Supply Chain, Production Planning, Quality Control"
Sales promotion account executive,Smith-Ramsey,San Francisco,Senior Level,113000,Healthcare,Pharmaceuticals
Therapeutic radiographer,"Hernandez, Shaw and Evans",Toronto,Entry Level,56000,Manufacturing,"Supply Chain, Quality Control"
"Programmer, applications",Flynn LLC,London,Mid Level,88000,Manufacturing,"Quality Control, Production Planning"
"Buyer, retail",Cruz Inc,Sydney,Mid Level,51000,Retail,Customer Service
"Designer, jewellery","Booker, Craig and Hall",Bangalore,Entry Level,66000,Finance,"Python, Financial Modeling, Risk Analysis, SQL"
Facilities manager,"Montoya, Rodriguez and Ramirez",Toronto,Senior Level,95000,Healthcare,Pharmaceuticals
Sports coach,Ellis-Padilla,Berlin,Entry Level,121000,Finance,"SQL, Risk Analysis, Financial Modeling, Excel"
Higher education careers adviser,Hawkins-Jordan,London,Mid Level,52000,Education,Research
Chartered public finance accountant,"Gilmore, Johnson and Chung",London,Senior Level,99000,Healthcare,Medical Research
"Programme researcher, broadcasting/film/video","Graham, Russell and Lowe",Toronto,Mid Level,133000,Manufacturing,"Supply Chain, Quality Control"
English as a second language teacher,"Smith, Rodriguez and Zimmerman",New York,Mid Level,95000,Education,"EdTech, Teaching, Research"
Warehouse manager,Scott Group,San Francisco,Entry Level,59000,Retail,Sales
Quantity surveyor,"Ellis, Nixon and Clark",Bangalore,Senior Level,78000,Healthcare,"Medical Research, Nursing, Pharmaceuticals"
Manufacturing systems engineer,Mcconnell PLC,Bangalore,Mid Level,77000,Finance,"SQL, Python, Financial Modeling"
Race relations officer,"Martin, Oneal and Baldwin",Bangalore,Entry Level,130000,Software,"C++, Java, AWS"
Electronics engineer,"Luna, Hess and Schmidt",Sydney,Mid Level,113000,Healthcare,"Medical Research, Pharmaceuticals, Patient Care"
"Nurse, mental health",Garza-Johnson,Berlin,Mid Level,98000,Finance,Python
"Accountant, chartered","Macias, Thompson and Best",Bangalore,Entry Level,121000,Marketing,SEO
Patent examiner,Johnson-Lopez,San Francisco,Senior Level,60000,Healthcare,"Pharmaceuticals, Nursing, Medical Research, Patient Care"
Copy,"Robles, Wright and Mccoy",Berlin,Entry Level,80000,Education,"Teaching, Curriculum Design"
"Engineer, chemical","White, Sutton and Roberts",San Francisco,Mid Level,89000,Retail,Merchandising
Financial planner,Strong-Lopez,New York,Entry Level,78000,Healthcare,"Medical Research, Pharmaceuticals, Patient Care"
"Engineer, civil (consulting)",Hogan Inc,New York,Senior Level,147000,Manufacturing,"Quality Control, Supply Chain, Production Planning"
"Investment banker, corporate",Lynch-Willis,Toronto,Entry Level,100000,Marketing,"Content Writing, SEO, Market Research, Google Ads"
Charity fundraiser,"Lara, Greene and White",London,Entry Level,82000,Finance,"SQL, Python, Excel, Risk Analysis"
"Editor, film/video","Elliott, Vasquez and Griffith",London,Entry Level,131000,Education,Curriculum Design
Exhibition designer,"Reilly, Mercado and Smith",Sydney,Mid Level,125000,Finance,"Risk Analysis, Python"
"Accountant, chartered management","Taylor, Brown and Gardner",Bangalore,Senior Level,66000,Healthcare,"Nursing, Medical Research, Patient Care"
Human resources officer,"Garcia, Faulkner and Scott",London,Senior Level,87000,Finance,"Excel, Risk Analysis"
Academic librarian,Mack-Andersen,Toronto,Mid Level,120000,Retail,Merchandising
Leisure centre manager,"Norris, Singleton and Horn",Bangalore,Mid Level,85000,Marketing,"SEO, Social Media"
"Research officer, political party",Reyes Inc,Bangalore,Mid Level,117000,Education,"EdTech, Curriculum Design, Teaching"
"Psychologist, sport and exercise",Anderson Ltd,Berlin,Entry Level,148000,Marketing,"Market Research, Social Media"
Further education lecturer,"Graham, Sheppard and Obrien",Toronto,Senior Level,107000,Healthcare,"Medical Research, Pharmaceuticals"
"Optician, dispensing",Franklin Ltd,Berlin,Entry Level,145000,Manufacturing,Supply Chain
"Investment banker, operational",Russell LLC,Bangalore,Senior Level,43000,Marketing,SEO
Patent attorney,"Lewis, Sheppard and Morgan",Toronto,Senior Level,50000,Manufacturing,"Quality Control, Production Planning, Supply Chain"
Dispensing optician,"Garcia, Rojas and Flores",Berlin,Entry Level,58000,Education,"Research, EdTech, Curriculum Design"
Psychiatric nurse,Lutz Ltd,San Francisco,Mid Level,103000,Retail,"Merchandising, Sales"
Clinical molecular geneticist,"Holder, Lee and Knight",San Francisco,Senior Level,149000,Retail,"Sales, Customer Service, Merchandising"
Charity fundraiser,"Fritz, Roberts and Berg",New York,Mid Level,52000,Software,"Python, SQL, Java"
Race relations officer,"Ortiz, Ferguson and Mercado",San Francisco,Entry Level,91000,Marketing,"Market Research, Google Ads"
Advice worker,Forbes-Duncan,Toronto,Mid Level,79000,Retail,Sales
Learning mentor,"Olson, Case and Chandler",London,Mid Level,75000,Retail,"Sales, Merchandising"
"Geologist, wellsite","Watkins, Sullivan and Brock",Bangalore,Mid Level,44000,Software,"Machine Learning, Python, Java"
Senior tax professional/tax inspector,"Hernandez, Jones and George",Toronto,Senior Level,97000,Retail,"Merchandising, Customer Service, Sales"
Heritage manager,Baxter and Sons,Bangalore,Senior Level,90000,Software,"Python, Java, Machine Learning, React"
Operations geologist,Tapia PLC,Bangalore,Entry Level,127000,Manufacturing,"Production Planning, Quality Control, Supply Chain"
"Psychologist, prison and probation services",Miller-Robinson,Berlin,Mid Level,85000,Finance,"Python, SQL, Risk Analysis, Financial Modeling"
Chartered accountant,Burton Ltd,San Francisco,Senior Level,92000,Healthcare,"Patient Care, Pharmaceuticals, Medical Research"
Architectural technologist,"Bass, Dunn and Williams",Toronto,Mid Level,52000,Manufacturing,"Supply Chain, Production Planning, Quality Control"
Financial risk analyst,Harris LLC,Berlin,Senior Level,119000,Marketing,Market Research
Nutritional therapist,Harper Group,Sydney,Mid Level,40000,Finance,"Excel, Risk Analysis, Python, Financial Modeling"
Paediatric nurse,Johnson-Tate,London,Entry Level,103000,Manufacturing,Quality Control
Quantity surveyor,Silva-Smith,Sydney,Senior Level,59000,Education,Curriculum Design
"Teacher, secondary school",Lynch-Woods,London,Mid Level,118000,Retail,Merchandising
Trading standards officer,Hill Inc,Toronto,Mid Level,52000,Finance,"Risk Analysis, Financial Modeling, Python"
Commissioning editor,Jackson Ltd,New York,Senior Level,140000,Software,React
Public house manager,Allison and Sons,Bangalore,Mid Level,108000,Healthcare,"Patient Care, Medical Research, Nursing, Pharmaceuticals"
Public affairs consultant,Mercer Group,Sydney,Entry Level,60000,Marketing,"Content Writing, Google Ads"
Exhibition designer,Pierce PLC,London,Mid Level,121000,Education,Teaching
Plant breeder/geneticist,Pace-Franco,San Francisco,Mid Level,138000,Software,Machine Learning
Agricultural engineer,Jackson-Lopez,Toronto,Entry Level,107000,Retail,"Sales, Merchandising"
Museum education officer,Hill-Cortez,Sydney,Entry Level,86000,Marketing,"Google Ads, Content Writing, SEO"
Estate agent,Roth and Sons,Berlin,Entry Level,73000,Manufacturing,"Production Planning, Supply Chain, Quality Control"
Marketing executive,"Campbell, Sloan and Macdonald",Toronto,Mid Level,121000,Education,Teaching
Patent examiner,"Mendoza, Murillo and Hess",Bangalore,Mid Level,77000,Finance,"Risk Analysis, SQL"
Sports development officer,Watts Ltd,Sydney,Mid Level,61000,Manufacturing,"Production Planning, Supply Chain"
Stage manager,"Lewis, Jackson and David",London,Entry Level,121000,Software,Machine Learning
"Designer, blown glass/stained glass",Hernandez and Sons,Bangalore,Mid Level,61000,Marketing,"Market Research, SEO, Google Ads"
Tax inspector,Sullivan-Vaughn,New York,Mid Level,88000,Education,"Teaching, Curriculum Design, Research"
Building services engineer,King Ltd,San Francisco,Mid Level,128000,Healthcare,"Nursing, Pharmaceuticals, Patient Care"
Best boy,Perkins-Fowler,Berlin,Senior Level,134000,Marketing,"Content Writing, SEO, Market Research"
"Designer, exhibition/display","Gonzales, Sanchez and Hill",Sydney,Entry Level,106000,Manufacturing,"Quality Control, Supply Chain"
Quarry manager,"Edwards, Mcdowell and Benjamin",San Francisco,Senior Level,51000,Finance,"Risk Analysis, SQL"
Ecologist,Arias LLC,Toronto,Senior Level,73000,Finance,Risk Analysis
"Designer, industrial/product",Jennings PLC,Bangalore,Mid Level,72000,Healthcare,Pharmaceuticals
Science writer,Hooper-Villarreal,San Francisco,Mid Level,55000,Healthcare,"Medical Research, Patient Care, Nursing"
Horticultural consultant,"Jones, Davis and Gomez",San Francisco,Senior Level,40000,Manufacturing,Supply Chain
Chartered legal executive (England and Wales),"Burgess, Taylor and Blackburn",San Francisco,Entry Level,99000,Education,"Teaching, EdTech, Research, Curriculum Design"
Solicitor,Pierce-Allen,Sydney,Entry Level,51000,Retail,Customer Service
Public relations officer,"Martinez, Davis and Stuart",Berlin,Mid Level,108000,Retail,"Merchandising, Sales"
"Horticulturist, commercial",Hurst Ltd,San Francisco,Mid Level,78000,Education,Curriculum Design
"Psychologist, educational",Sherman Ltd,Toronto,Entry Level,121000,Retail,Customer Service
Forest/woodland manager,"Mendez, Martinez and Bowers",London,Entry Level,50000,Education,"EdTech, Research, Teaching, Curriculum Design"
"Scientist, research (life sciences)","Rose, Farmer and Holland",Toronto,Mid Level,77000,Healthcare,"Nursing, Patient Care, Medical Research, Pharmaceuticals"
"Engineer, drilling",Greer-Skinner,Sydney,Senior Level,102000,Marketing,"Market Research, SEO"
Materials engineer,Stone-Hayes,Bangalore,Senior Level,113000,Education,"Research, Teaching, Curriculum Design"
"Therapist, occupational","Hudson, Hubbard and Gonzales",Sydney,Senior Level,140000,Healthcare,Nursing
Radio broadcast assistant,Cummings Ltd,Bangalore,Mid Level,135000,Software,"Machine Learning, SQL"
Personal assistant,Williams and Sons,Bangalore,Entry Level,110000,Education,EdTech
Call centre manager,Koch-Francis,Bangalore,Mid Level,88000,Finance,Python
Chief Strategy Officer,Ruiz-Weaver,San Francisco,Entry Level,148000,Software,"Java, C++, SQL"
Equality and diversity officer,Rodriguez-Mays,Sydney,Mid Level,78000,Retail,"Customer Service, Sales"
Lexicographer,Kerr-Mcdowell,Sydney,Senior Level,87000,Healthcare,Pharmaceuticals
Teaching laboratory technician,"Haley, Welch and Welch",Bangalore,Entry Level,52000,Education,Teaching
Special effects artist,Hickman-Willis,Toronto,Entry Level,63000,Education,"Curriculum Design, Research, Teaching"
Music therapist,Roberts-Thomas,Toronto,Entry Level,144000,Retail,"Merchandising, Sales, Customer Service"
Youth worker,Gonzalez Inc,London,Entry Level,55000,Healthcare,"Patient Care, Medical Research, Pharmaceuticals, Nursing"
Theatre stage manager,Williamson-Delgado,Toronto,Senior Level,140000,Marketing,"Market Research, SEO, Content Writing, Social Media"
Illustrator,Ramirez and Sons,Sydney,Senior Level,96000,Manufacturing,"Production Planning, Quality Control"
Public affairs consultant,"Ford, Hess and Walker",Bangalore,Mid Level,81000,Software,"AWS, SQL, C++, React"
"Scientist, clinical (histocompatibility and immunogenetics)",Walker-Wheeler,Sydney,Senior Level,126000,Healthcare,"Nursing, Patient Care, Medical Research, Pharmaceuticals"
"Conservator, museum/gallery",Coleman Ltd,Berlin,Entry Level,42000,Manufacturing,"Quality Control, Production Planning, Supply Chain"
"Designer, interior/spatial",Gray PLC,San Francisco,Entry Level,110000,Finance,Financial Modeling
Occupational therapist,Holmes LLC,London,Mid Level,99000,Software,SQL
"Development worker, community",Fitzgerald-Murray,Bangalore,Senior Level,64000,Healthcare,"Pharmaceuticals, Medical Research"
Garment/textile technologist,Williams-White,New York,Entry Level,61000,Education,"Curriculum Design, Research, EdTech, Teaching"
Hospital doctor,Bates and Sons,New York,Entry Level,45000,Finance,"Python, Risk Analysis, Financial Modeling, Excel"
Historic buildings inspector/conservation officer,"Hernandez, Carpenter and Mckinney",New York,Senior Level,51000,Retail,"Merchandising, Sales, Customer Service"
Production manager,Wood Group,Sydney,Mid Level,135000,Marketing,"Social Media, Content Writing, SEO"
Proofreader,Livingston-Watson,Bangalore,Entry Level,138000,Manufacturing,"Quality Control, Supply Chain, Production Planning"
"Engineer, agricultural","Smith, Wells and Guzman",London,Mid Level,41000,Software,Machine Learning
Purchasing manager,Lang-Dixon,Sydney,Entry Level,66000,Retail,Customer Service
Ergonomist,Lester-Lucas,Sydney,Mid Level,119000,Manufacturing,"Production Planning, Quality Control, Supply Chain"
Freight forwarder,Miller-Paul,New York,Entry Level,119000,Healthcare,"Pharmaceuticals, Nursing"
Waste management officer,"Pierce, Ramirez and Harris",San Francisco,Entry Level,60000,Healthcare,"Medical Research, Nursing, Pharmaceuticals, Patient Care"
Restaurant manager,Davis LLC,London,Mid Level,94000,Software,"Java, SQL"
Musician,Thomas and Sons,Toronto,Mid Level,130000,Manufacturing,"Quality Control, Supply Chain, Production Planning"
Technical author,"Foster, Wilson and Henderson",San Francisco,Entry Level,41000,Manufacturing,"Production Planning, Supply Chain, Quality Control"
"Engineer, manufacturing systems",Spencer-Hernandez,Bangalore,Senior Level,133000,Healthcare,"Medical Research, Patient Care, Pharmaceuticals"
"Engineer, structural",Jones and Sons,San Francisco,Entry Level,102000,Finance,"SQL, Excel, Risk Analysis"
"Research officer, government",Henderson and Sons,Sydney,Senior Level,112000,Manufacturing,"Production Planning, Quality Control"
Television production assistant,Villa Ltd,Sydney,Senior Level,123000,Manufacturing,"Supply Chain, Production Planning"
"Surveyor, hydrographic",Martinez Group,Berlin,Senior Level,95000,Education,EdTech
Geoscientist,Bell-Anderson,New York,Senior Level,112000,Marketing,"SEO, Market Research, Content Writing"
Travel agency manager,Kerr-Coleman,New York,Senior Level,139000,Education,"Teaching, Research, EdTech, Curriculum Design"
Food technologist,Webster-Chang,London,Entry Level,94000,Software,Java
Patent attorney,Callahan PLC,London,Senior Level,59000,Education,EdTech
"Pharmacist, hospital",Mason-Nelson,San Francisco,Senior Level,48000,Healthcare,"Medical Research, Pharmaceuticals, Nursing, Patient Care"
Copy,Schaefer-Wilson,Toronto,Entry Level,145000,Finance,"Excel, Financial Modeling, SQL, Risk Analysis"
Control and instrumentation engineer,"Sims, Wilkerson and Anderson",Berlin,Mid Level,126000,Healthcare,"Patient Care, Nursing"
Tax adviser,"Mueller, Compton and Nguyen",San Francisco,Mid Level,79000,Marketing,"SEO, Market Research"
"Engineer, mining",Pacheco-Perez,Toronto,Mid Level,68000,Finance,"Risk Analysis, Financial Modeling, Excel"
Chiropodist,"Conrad, Lopez and Perez",Berlin,Senior Level,138000,Education,"Curriculum Design, Research, Teaching"
Ophthalmologist,"Walker, Craig and Gentry",Sydney,Senior Level,111000,Marketing,"Social Media, SEO, Google Ads"
Theatre director,Patton LLC,Berlin,Entry Level,109000,Software,"AWS, SQL"
Copy,Hayes PLC,Berlin,Entry Level,124000,Healthcare,"Patient Care, Pharmaceuticals, Nursing, Medical Research"
"Engineer, structural",Jackson-Johnson,Toronto,Mid Level,77000,Manufacturing,"Supply Chain, Production Planning, Quality Control"
Education administrator,"Holden, Jones and Owens",London,Entry Level,119000,Healthcare,"Nursing, Patient Care, Medical Research, Pharmaceuticals"
"Surveyor, building","Williams, Lozano and Wright",Berlin,Senior Level,87000,Healthcare,Pharmaceuticals
Dietitian,Pena-Johnson,London,Mid Level,76000,Finance,"Risk Analysis, Financial Modeling, Python, Excel"
Ophthalmologist,"Martin, Williams and Rosario",San Francisco,Mid Level,149000,Finance,"Python, Risk Analysis, SQL, Excel"
Wellsite geologist,Dorsey Ltd,Sydney,Entry Level,87000,Finance,"Risk Analysis, Financial Modeling, SQL"
Trade union research officer,Nguyen-Lewis,London,Mid Level,110000,Retail,"Customer Service, Merchandising"
"Scientist, research (medical)","Higgins, Odonnell and Williams",Bangalore,Senior Level,91000,Finance,"Risk Analysis, SQL, Python"
Nutritional therapist,"Walters, French and Shaw",San Francisco,Senior Level,106000,Marketing,"SEO, Google Ads, Market Research"
"Producer, television/film/video","Hood, Wright and Rodriguez",Bangalore,Entry Level,58000,Healthcare,"Pharmaceuticals, Medical Research, Nursing"
Psychiatrist,Long PLC,London,Senior Level,91000,Finance,"SQL, Python, Financial Modeling"
"Producer, television/film/video",Garcia-Wood,Sydney,Mid Level,71000,Healthcare,"Pharmaceuticals, Patient Care"
Interior and spatial designer,Miller and Sons,Berlin,Mid Level,121000,Finance,"Python, Risk Analysis"
Speech and language therapist,Garza-Jordan,Toronto,Mid Level,145000,Healthcare,"Pharmaceuticals, Nursing, Medical Research, Patient Care"
Merchant navy officer,Warner-Rowe,Sydney,Entry Level,56000,Finance,"SQL, Excel, Risk Analysis, Python"
Futures trader,Murphy-Galvan,New York,Senior Level,79000,Finance,"SQL, Excel, Financial Modeling"
"Therapist, horticultural",Martin-Allen,San Francisco,Mid Level,117000,Education,Research
Corporate investment banker,Webb Ltd,San Francisco,Entry Level,138000,Finance,"Python, Risk Analysis, Financial Modeling, SQL"
"Conservation officer, historic buildings",Peterson-Kim,Berlin,Mid Level,63000,Education,Teaching
Private music teacher,Smith LLC,London,Entry Level,149000,Software,Machine Learning
Writer,Ruiz-Kramer,Sydney,Senior Level,67000,Manufacturing,"Production Planning, Supply Chain"
"Psychologist, sport and exercise",Guzman LLC,New York,Mid Level,143000,Marketing,"Market Research, Google Ads"
"Psychologist, clinical",Gamble-White,New York,Entry Level,44000,Manufacturing,Supply Chain
Accounting technician,Jones-Brock,Toronto,Entry Level,97000,Finance,"SQL, Risk Analysis, Excel, Python"
"Surveyor, rural practice",Short PLC,San Francisco,Senior Level,115000,Finance,"Python, Excel"
Chief Operating Officer,Neal Inc,San Francisco,Entry Level,147000,Manufacturing,"Supply Chain, Quality Control, Production Planning"
"Engineer, site",Smith-Galvan,Bangalore,Senior Level,49000,Finance,"Python, SQL, Excel"
"Engineer, aeronautical","Irwin, Young and Rodriguez",New York,Mid Level,87000,Software,"SQL, Java, Python, C++"
Orthoptist,"Williamson, Rodgers and Gonzalez",Sydney,Senior Level,72000,Marketing,Google Ads
Town planner,Bond-Wall,New York,Mid Level,54000,Marketing,Google Ads
Media buyer,Stevens-Brown,San Francisco,Entry Level,78000,Retail,"Merchandising, Sales, Customer Service"
Interior and spatial designer,Johnson-Nguyen,London,Entry Level,67000,Education,"EdTech, Curriculum Design, Teaching"
Freight forwarder,Thomas-Smith,Berlin,Mid Level,141000,Education,"Research, Curriculum Design, EdTech"
Intelligence analyst,"Johnson, Johnson and Hudson",Toronto,Mid Level,110000,Software,AWS
Osteopath,Edwards LLC,Sydney,Senior Level,80000,Retail,Sales
Sports coach,Green-George,San Francisco,Mid Level,70000,Finance,"Excel, Financial Modeling"
"Clinical scientist, histocompatibility and immunogenetics",Jones-Moore,Bangalore,Mid Level,90000,Finance,"Python, Risk Analysis, Financial Modeling, Excel"
Civil Service fast streamer,"Taylor, Cooper and Oneal",London,Entry Level,63000,Software,"SQL, Python"
Chiropractor,Miller-Clark,London,Senior Level,138000,Software,"Python, React, AWS"
Haematologist,Hubbard-Harrison,Berlin,Mid Level,54000,Healthcare,"Patient Care, Pharmaceuticals, Nursing"
"Surveyor, quantity",Ingram-Merritt,Bangalore,Mid Level,101000,Education,Teaching
Control and instrumentation engineer,"Lopez, Romero and Martinez",San Francisco,Mid Level,104000,Healthcare,"Patient Care, Nursing"
Dealer,Horton-Soto,Toronto,Entry Level,44000,Finance,Risk Analysis
Banker,Peterson-Davis,San Francisco,Senior Level,110000,Manufacturing,"Supply Chain, Production Planning, Quality Control"
Housing manager/officer,Freeman PLC,Bangalore,Mid Level,113000,Finance,"Python, SQL, Risk Analysis, Financial Modeling"
Writer,Howard-King,San Francisco,Senior Level,143000,Healthcare,Nursing
"Merchandiser, retail","Hendricks, Turner and Bennett",Berlin,Senior Level,95000,Finance,"SQL, Excel, Python, Financial Modeling"
Production manager,"Johnson, Welch and Woods",Bangalore,Mid Level,133000,Healthcare,"Patient Care, Nursing, Pharmaceuticals"
Phytotherapist,Rice-Obrien,Bangalore,Senior Level,78000,Manufacturing,Supply Chain
Farm manager,Salinas-Watson,San Francisco,Entry Level,113000,Marketing,Google Ads
Contracting civil engineer,Warren Group,Toronto,Mid Level,105000,Finance,Financial Modeling
"Engineer, chemical",Edwards and Sons,London,Entry Level,55000,Education,"Research, EdTech, Teaching"
Holiday representative,Velasquez-Morris,London,Senior Level,120000,Marketing,"SEO, Market Research, Content Writing, Social Media"
Probation officer,Ruiz-Garcia,Sydney,Senior Level,61000,Healthcare,Pharmaceuticals
"Surveyor, planning and development",Anderson-Hernandez,London,Entry Level,112000,Software,"React, SQL, Machine Learning, Python"
Arts administrator,"Wright, Walker and Perez",New York,Senior Level,78000,Manufacturing,"Production Planning, Supply Chain"
Sports therapist,Phillips Inc,New York,Mid Level,150000,Software,"SQL, React, Machine Learning"
"Designer, industrial/product",Hartman-Mcfarland,London,Mid Level,147000,Education,"Curriculum Design, Teaching, EdTech"
"Biochemist, clinical",Martinez Inc,Bangalore,Senior Level,67000,Finance,"Python, Risk Analysis, SQL"
Paediatric nurse,King-King,Toronto,Mid Level,55000,Marketing,"Content Writing, Google Ads"
Automotive engineer,Reid-Gutierrez,Berlin,Mid Level,74000,Marketing,SEO
"Investment banker, corporate",Frost-May,Bangalore,Mid Level,104000,Retail,Sales
Chief Strategy Officer,"Coleman, Lewis and Smith",Bangalore,Mid Level,87000,Finance,Excel
Sports therapist,Green-Gardner,Sydney,Mid Level,71000,Finance,Financial Modeling
Secondary school teacher,Short PLC,Bangalore,Entry Level,68000,Retail,"Customer Service, Sales, Merchandising"
Veterinary surgeon,Santiago Inc,Bangalore,Entry Level,125000,Finance,"Risk Analysis, Python, Excel"
Claims inspector/assessor,Adams-Ortiz,Berlin,Mid Level,43000,Finance,Risk Analysis
Computer games developer,Thomas-Wong,Toronto,Mid Level,92000,Manufacturing,Quality Control
Risk analyst,Baxter and Sons,Berlin,Entry Level,47000,Software,"Machine Learning, Java"
Computer games developer,"Humphrey, Knight and Smith",Toronto,Entry Level,138000,Healthcare,Medical Research
Hospital doctor,"Baker, Barker and Murray",Bangalore,Mid Level,105000,Manufacturing,"Quality Control, Production Planning, Supply Chain"
Public affairs consultant,"Ramos, Miller and Williams",New York,Mid Level,59000,Software,"C++, Machine Learning"
Learning disability nurse,Alvarez-Skinner,Toronto,Senior Level,142000,Retail,Sales
Environmental education officer,"Phillips, Hardin and Smith",Berlin,Entry Level,144000,Healthcare,"Nursing, Pharmaceuticals"
Copy,Washington-Guzman,Sydney,Entry Level,79000,Manufacturing,Production Planning
Catering manager,"Watson, Rowe and Terrell",Sydney,Senior Level,132000,Software,React
Medical physicist,Ross-Valencia,New York,Senior Level,49000,Retail,"Sales, Merchandising"
"Engineer, electrical",Mcgee PLC,London,Senior Level,84000,Finance,"SQL, Financial Modeling, Python, Risk Analysis"
Systems developer,"Jensen, Jackson and Reed",Berlin,Senior Level,77000,Software,"Python, Java, Machine Learning"
"Surveyor, commercial/residential",Kemp Ltd,Bangalore,Mid Level,90000,Manufacturing,Supply Chain
"Psychologist, clinical","Bennett, Lopez and Nash",Toronto,Entry Level,144000,Healthcare,Medical Research
Publishing copy,Spencer-Kelly,Toronto,Entry Level,68000,Finance,"Python, Financial Modeling"
Dance movement psychotherapist,"Farrell, Torres and Jenkins",Sydney,Mid Level,68000,Marketing,"Social Media, Content Writing, SEO, Market Research"
"Programmer, applications",Carson-Boyd,Bangalore,Senior Level,93000,Manufacturing,"Supply Chain, Quality Control, Production Planning"
Maintenance engineer,Le-Jimenez,London,Entry Level,59000,Retail,"Merchandising, Sales, Customer Service"
Historic buildings inspector/conservation officer,Molina-Green,Toronto,Senior Level,46000,Retail,"Sales, Customer Service, Merchandising"
Immunologist,Burke-Kennedy,Berlin,Senior Level,89000,Manufacturing,"Quality Control, Supply Chain"
Fitness centre manager,"Berry, Phillips and Harper",Bangalore,Entry Level,131000,Software,"C++, SQL, Java, Python"
Clinical molecular geneticist,"Patterson, Navarro and Mendoza",London,Senior Level,50000,Education,"Curriculum Design, Teaching"
Mudlogger,"Johnson, Brennan and Tyler",London,Senior Level,71000,Finance,"SQL, Excel"
Heritage manager,Underwood Ltd,Sydney,Entry Level,52000,Marketing,"SEO, Google Ads, Social Media, Market Research"
Armed forces operational officer,"Schroeder, Vega and Day",Sydney,Entry Level,119000,Marketing,"Content Writing, SEO, Market Research"
Public relations account executive,Franco-Gill,Sydney,Mid Level,48000,Software,"SQL, AWS, Java"
Personnel officer,Porter-Bass,New York,Senior Level,56000,Finance,"Risk Analysis, Financial Modeling, Python, SQL"
"Copywriter, advertising",Johnson-Green,Berlin,Mid Level,94000,Software,"AWS, Python, SQL"
Theme park manager,Kramer and Sons,New York,Senior Level,42000,Finance,Python
"Scientist, physiological",Reilly Ltd,Bangalore,Mid Level,119000,Healthcare,"Nursing, Medical Research"
Water quality scientist,Hunt-Roberts,London,Entry Level,128000,Finance,Excel
Diagnostic radiographer,Hernandez Group,Berlin,Senior Level,88000,Software,"AWS, Python, Java, SQL"
Paediatric nurse,"Rodriguez, Taylor and Lopez",Sydney,Entry Level,125000,Healthcare,"Patient Care, Pharmaceuticals"
Systems analyst,"Zimmerman, Weaver and Jones",Toronto,Entry Level,89000,Software,Python
Politician's assistant,Diaz-King,Sydney,Senior Level,132000,Education,"EdTech, Curriculum Design, Teaching, Research"
Publishing copy,Armstrong-Riley,San Francisco,Mid Level,141000,Finance,"Python, Risk Analysis"
Farm manager,Trevino Group,Toronto,Senior Level,63000,Marketing,"Content Writing, Social Media"
Gaffer,Owens PLC,Sydney,Mid Level,79000,Marketing,SEO
Media buyer,Daniels and Sons,San Francisco,Entry Level,104000,Finance,"Python, Financial Modeling, Risk Analysis, SQL"
Systems analyst,Ruiz-Escobar,Bangalore,Mid Level,47000,Healthcare,"Nursing, Medical Research, Pharmaceuticals, Patient Care"
Furniture designer,"Foley, Jackson and Wilson",London,Entry Level,99000,Finance,Financial Modeling
"Designer, jewellery",Davis-Kelly,New York,Entry Level,107000,Education,"Curriculum Design, EdTech, Teaching, Research"
Paramedic,Richard PLC,Sydney,Entry Level,75000,Finance,Financial Modeling
"Runner, broadcasting/film/video","Butler, Ellis and Newman",San Francisco,Senior Level,99000,Software,"C++, React, SQL, Python"
Local government officer,"Hines, Jones and Daniel",Berlin,Senior Level,143000,Education,"EdTech, Teaching, Curriculum Design, Research"
Financial trader,Wells-Jacobs,Toronto,Senior Level,99000,Education,"Teaching, Research, EdTech"
Hydrogeologist,Kelley Group,London,Mid Level,94000,Software,"Python, React, C++, AWS"
Conference centre manager,Williams Ltd,Bangalore,Senior Level,126000,Software,"Java, Python, Machine Learning"
Telecommunications researcher,Miller and Sons,London,Senior Level,49000,Manufacturing,Production Planning
Production manager,Crane-Rose,Bangalore,Mid Level,119000,Healthcare,"Nursing, Patient Care, Medical Research"
Speech and language therapist,"Kirby, Bartlett and Stevens",Bangalore,Mid Level,121000,Marketing,"SEO, Content Writing"
Passenger transport manager,Smith Group,Berlin,Entry Level,142000,Marketing,"Google Ads, SEO, Social Media"
Toxicologist,Collier-Reed,San Francisco,Mid Level,73000,Education,Curriculum Design
Community pharmacist,Miller-Gonzalez,London,Entry Level,51000,Marketing,"Market Research, Google Ads, Social Media, SEO"
Medical laboratory scientific officer,"Santiago, Weaver and Anthony",San Francisco,Senior Level,104000,Education,"Curriculum Design, EdTech"
Ranger/warden,Simon Group,Toronto,Senior Level,76000,Marketing,"Social Media, Market Research"
Energy manager,Chapman Group,Berlin,Senior Level,120000,Education,"Research, EdTech, Curriculum Design, Teaching"
Local government officer,"Curtis, Rodriguez and Fischer",Bangalore,Mid Level,71000,Finance,"Excel, Financial Modeling, SQL, Python"
Secondary school teacher,Brown-Moon,Sydney,Entry Level,122000,Retail,"Merchandising, Sales, Customer Service"
"Engineer, manufacturing systems",Gillespie LLC,Sydney,Mid Level,122000,Marketing,"Social Media, Google Ads, Content Writing"
Music therapist,Douglas-Little,Bangalore,Senior Level,48000,Retail,Customer Service
Civil Service fast streamer,White-Robertson,Sydney,Entry Level,136000,Software,"SQL, Python"
"Research officer, government","Sanders, Lewis and Beasley",Berlin,Entry Level,61000,Finance,"Risk Analysis, Financial Modeling, Excel, SQL"
Educational psychologist,"Terry, Duncan and Ramos",Bangalore,Senior Level,109000,Software,C++
Building surveyor,Wilson-Bowman,New York,Mid Level,124000,Manufacturing,"Quality Control, Supply Chain"
"Engineer, electronics",Rangel-Richardson,Berlin,Mid Level,146000,Education,"Curriculum Design, EdTech, Research"
Chartered legal executive (England and Wales),Perkins and Sons,Sydney,Senior Level,48000,Marketing,"Google Ads, Social Media"
Agricultural consultant,Hubbard LLC,Bangalore,Senior Level,109000,Manufacturing,"Supply Chain, Production Planning"
"Programme researcher, broadcasting/film/video",Thompson-Smith,London,Senior Level,123000,Retail,"Customer Service, Merchandising, Sales"
"Accountant, chartered",Brown LLC,Berlin,Entry Level,100000,Finance,"Risk Analysis, Excel, Financial Modeling, Python"
Barrister's clerk,Hall and Sons,San Francisco,Mid Level,147000,Software,"Python, SQL, Machine Learning, Java"
Speech and language therapist,Whitney LLC,New York,Senior Level,126000,Retail,"Sales, Merchandising, Customer Service"
Trading standards officer,Austin-Valdez,New York,Entry Level,53000,Retail,"Customer Service, Merchandising"
"Scientist, marine",Davenport-Medina,San Francisco,Entry Level,95000,Retail,"Customer Service, Sales, Merchandising"
Insurance broker,Schaefer LLC,Bangalore,Senior Level,131000,Software,"Machine Learning, Java"
Materials engineer,"Cruz, Gross and York",London,Mid Level,147000,Software,"Java, AWS"
Set designer,"Bennett, Kidd and Jackson",New York,Mid Level,68000,Finance,"Risk Analysis, Financial Modeling, Python, SQL"
"Horticulturist, amenity",Thomas-Fox,New York,Mid Level,72000,Education,"Research, Curriculum Design"
Sports administrator,Moran-Gardner,London,Entry Level,95000,Healthcare,"Medical Research, Pharmaceuticals, Patient Care, Nursing"
"Pharmacist, hospital","Hunt, Stevens and Powell",Berlin,Entry Level,72000,Manufacturing,"Supply Chain, Quality Control"
Drilling engineer,Ford Group,London,Senior Level,145000,Software,Machine Learning
"Engineer, manufacturing systems","Grant, Wood and May",Bangalore,Mid Level,101000,Manufacturing,"Production Planning, Supply Chain, Quality Control"
"Accountant, chartered management","Tate, Bradley and Ortiz",Sydney,Entry Level,116000,Software,"Python, Machine Learning"
"Copywriter, advertising",Garcia Group,San Francisco,Senior Level,48000,Finance,"Python, SQL, Financial Modeling, Risk Analysis"
"Sales professional, IT",Harris Ltd,Toronto,Mid Level,146000,Finance,"SQL, Python, Financial Modeling"
Chartered legal executive (England and Wales),"Nguyen, Stein and Sanchez",Sydney,Senior Level,87000,Manufacturing,Production Planning
Illustrator,"Miller, Bass and Haas",New York,Senior Level,62000,Manufacturing,Quality Control
"Geneticist, molecular",Fletcher-Burke,Sydney,Senior Level,106000,Healthcare,"Pharmaceuticals, Patient Care, Nursing, Medical Research"
Secretary/administrator,Chavez-Smith,Toronto,Entry Level,67000,Finance,"Financial Modeling, Excel, SQL"
Armed forces logistics/support/administrative officer,Ferguson-Livingston,Sydney,Senior Level,127000,Education,"Research, Teaching"
"Librarian, academic",Jones-Boyd,New York,Entry Level,100000,Manufacturing,"Supply Chain, Quality Control, Production Planning"
Educational psychologist,Cardenas-Gill,New York,Senior Level,74000,Manufacturing,"Quality Control, Supply Chain, Production Planning"
"Horticulturist, amenity","Thomas, Harris and Davidson",New York,Entry Level,94000,Education,"EdTech, Research"
Wellsite geologist,Daniel LLC,Berlin,Senior Level,54000,Retail,"Sales, Merchandising, Customer Service"
Biomedical engineer,Silva PLC,Bangalore,Mid Level,93000,Finance,"Python, SQL"
"Doctor, hospital",Campos-Snyder,Berlin,Mid Level,139000,Software,"Machine Learning, React, Java"
Product manager,"Molina, Arnold and Nelson",San Francisco,Entry Level,82000,Healthcare,"Pharmaceuticals, Medical Research, Nursing"
Fine artist,Thompson-Boyd,New York,Senior Level,118000,Finance,"Excel, Financial Modeling, Python"
Herbalist,"Jones, Scott and Allen",New York,Senior Level,94000,Software,"Python, React"
Quality manager,"Sanders, Hubbard and Cox",San Francisco,Mid Level,108000,Healthcare,"Nursing, Medical Research, Patient Care"
Lobbyist,"Odonnell, Hernandez and Perry",New York,Entry Level,57000,Software,"Java, Machine Learning, SQL, C++"
Learning disability nurse,"Miller, Walker and Anderson",San Francisco,Entry Level,59000,Marketing,Content Writing
Advice worker,"Ortega, Richards and Gonzales",San Francisco,Mid Level,105000,Healthcare,"Pharmaceuticals, Nursing"
Newspaper journalist,Little-Spears,New York,Entry Level,144000,Healthcare,"Pharmaceuticals, Medical Research, Nursing, Patient Care"
Advertising account executive,Obrien and Sons,San Francisco,Senior Level,89000,Software,"Python, C++"
Petroleum engineer,Strong-Mayo,New York,Entry Level,51000,Education,"Research, Teaching"
Print production planner,"Le, Frederick and Holmes",Sydney,Mid Level,101000,Software,C++
"Therapist, sports",Blake Inc,Sydney,Entry Level,113000,Finance,"Financial Modeling, Python, Excel, Risk Analysis"
Television floor manager,Smith Inc,Berlin,Entry Level,84000,Retail,"Customer Service, Sales, Merchandising"
"Conservator, museum/gallery",Ortiz-Stein,London,Senior Level,57000,Retail,"Merchandising, Customer Service"
Clinical molecular geneticist,Peterson-Horn,Berlin,Entry Level,45000,Software,"Machine Learning, Java, AWS"
Newspaper journalist,Barber-Mccarty,London,Entry Level,141000,Finance,"Financial Modeling, Python"
"Secretary, company","Christensen, Patterson and Navarro",New York,Entry Level,77000,Manufacturing,Production Planning
"Education officer, environmental",Nguyen Group,San Francisco,Senior Level,48000,Education,"Curriculum Design, EdTech, Research, Teaching"
Solicitor,Blake-Perez,Bangalore,Senior Level,139000,Marketing,"Market Research, SEO, Google Ads, Social Media"
Operational researcher,Ellis-Garcia,San Francisco,Mid Level,70000,Marketing,"Content Writing, Social Media, Google Ads"
"Engineer, water","Miller, Moses and Knapp",London,Mid Level,59000,Finance,"Financial Modeling, Excel"
Chief Marketing Officer,Weaver-Sanders,London,Entry Level,131000,Retail,"Merchandising, Customer Service"
"Librarian, academic",Moore Inc,London,Senior Level,94000,Manufacturing,"Production Planning, Supply Chain"
Investment analyst,"Olsen, Garcia and Weaver",London,Entry Level,121000,Software,"SQL, AWS, C++, React"
Chiropodist,Holder and Sons,Toronto,Entry Level,85000,Healthcare,"Patient Care, Pharmaceuticals, Medical Research, Nursing"
Oncologist,Wheeler Group,London,Mid Level,105000,Healthcare,"Nursing, Medical Research, Patient Care, Pharmaceuticals"
"Surveyor, building control",Ford Ltd,New York,Senior Level,86000,Manufacturing,"Production Planning, Quality Control"
Travel agency manager,Thomas-Carter,Sydney,Senior Level,68000,Healthcare,"Patient Care, Pharmaceuticals, Medical Research"
Pensions consultant,"Cooper, Navarro and Morgan",New York,Mid Level,136000,Marketing,"Content Writing, Google Ads"
Soil scientist,Barrett Inc,Sydney,Senior Level,148000,Education,"EdTech, Research"
"Engineer, petroleum","Reyes, Lawson and Lopez",New York,Mid Level,124000,Manufacturing,"Production Planning, Supply Chain, Quality Control"
Technical brewer,Ruiz-Nash,Bangalore,Entry Level,113000,Finance,Excel
Farm manager,James-Ramirez,London,Mid Level,101000,Healthcare,Patient Care
Merchant navy officer,Sweeney LLC,Bangalore,Senior Level,78000,Software,"C++, AWS, SQL"
"Surveyor, minerals",Hawkins PLC,Bangalore,Entry Level,113000,Marketing,"Google Ads, Social Media, Market Research, SEO"
Rural practice surveyor,Reyes and Sons,Sydney,Senior Level,127000,Education,"EdTech, Curriculum Design, Teaching"
Magazine journalist,Russell-Watson,San Francisco,Mid Level,125000,Manufacturing,"Supply Chain, Quality Control, Production Planning"
Estate manager/land agent,Hudson Ltd,London,Entry Level,111000,Finance,"Python, Excel, Risk Analysis"
Health visitor,Griffith-Browning,Berlin,Senior Level,102000,Education,Research
Ophthalmologist,"Owens, Knight and White",Berlin,Entry Level,51000,Healthcare,Pharmaceuticals
"Horticulturist, commercial",Morrison-Shaw,New York,Entry Level,139000,Software,"AWS, Python, Java"
"Geneticist, molecular",Morris Inc,Bangalore,Senior Level,85000,Finance,"Risk Analysis, SQL, Excel, Python"
"Doctor, general practice",Hall Inc,Toronto,Senior Level,75000,Finance,"Financial Modeling, Risk Analysis, SQL, Excel"
Arts administrator,"Roberts, Powell and Hull",San Francisco,Mid Level,81000,Finance,SQL
Agricultural engineer,"Strong, Fletcher and Gillespie",Toronto,Senior Level,138000,Manufacturing,Supply Chain
"Teacher, English as a foreign language","Murillo, Jimenez and Hamilton",Sydney,Mid Level,58000,Finance,"Risk Analysis, Excel"
Commercial horticulturist,Holland and Sons,Sydney,Entry Level,96000,Education,"Research, Teaching"
Diagnostic radiographer,Jones-Bentley,Bangalore,Entry Level,80000,Healthcare,"Nursing, Medical Research, Pharmaceuticals, Patient Care"
"Engineer, technical sales",Kelly-Chan,San Francisco,Senior Level,86000,Education,"EdTech, Research, Teaching"
"Therapist, occupational","Woodard, Weiss and Orozco",New York,Mid Level,57000,Manufacturing,"Supply Chain, Quality Control, Production Planning"
Insurance risk surveyor,Larson Inc,London,Senior Level,55000,Healthcare,"Patient Care, Medical Research, Pharmaceuticals, Nursing"
Structural engineer,"Mcdonald, Zimmerman and Allen",San Francisco,Mid Level,92000,Education,"EdTech, Teaching"
Charity officer,Lopez-Curtis,Toronto,Entry Level,64000,Software,"Java, React"
"Lighting technician, broadcasting/film/video",Costa-Juarez,Berlin,Entry Level,147000,Marketing,Market Research
Herpetologist,Todd Group,Toronto,Entry Level,123000,Retail,"Sales, Customer Service, Merchandising"
"Administrator, arts","Garcia, Gibson and Gibson",Sydney,Senior Level,77000,Software,"Python, SQL"
Systems developer,Hensley-Dawson,Bangalore,Senior Level,68000,Healthcare,"Nursing, Pharmaceuticals, Medical Research, Patient Care"
Customer service manager,Bennett Ltd,Bangalore,Mid Level,117000,Retail,"Merchandising, Sales"
"Scientist, research (physical sciences)",Riddle-Gray,New York,Entry Level,93000,Retail,"Sales, Customer Service, Merchandising"
Hotel manager,"May, Sosa and Jones",Toronto,Entry Level,87000,Marketing,"SEO, Content Writing, Google Ads"
Exhibition designer,"Scott, Johnson and Baxter",London,Mid Level,43000,Retail,"Merchandising, Sales, Customer Service"
Operations geologist,Noble Group,Berlin,Entry Level,73000,Marketing,"Content Writing, Google Ads, Market Research, SEO"
Politician's assistant,Martin-Taylor,Toronto,Senior Level,128000,Education,Curriculum Design
Community education officer,"Soto, Williams and Lynch",Berlin,Entry Level,100000,Retail,"Sales, Merchandising"
Photographer,Freeman-Carter,Bangalore,Mid Level,40000,Finance,"SQL, Python, Excel, Risk Analysis"
Advertising copywriter,Ortiz Ltd,Toronto,Mid Level,85000,Healthcare,"Nursing, Pharmaceuticals, Medical Research, Patient Care"
"Education officer, environmental",Bennett-Gomez,Toronto,Senior Level,75000,Manufacturing,"Supply Chain, Production Planning"
"Development worker, community",Summers Ltd,Bangalore,Entry Level,122000,Education,EdTech
Conference centre manager,"Sullivan, West and Howard",Bangalore,Senior Level,71000,Finance,"Risk Analysis, Financial Modeling, Excel, SQL"
Commissioning editor,Brown-Ford,Bangalore,Entry Level,78000,Healthcare,"Pharmaceuticals, Nursing"
"Teacher, special educational needs","Davis, Thornton and Jackson",London,Entry Level,146000,Finance,"Financial Modeling, Python, Risk Analysis"
Financial controller,"Robinson, Hoffman and Cherry",Toronto,Mid Level,84000,Finance,SQL
Claims inspector/assessor,"Carter, Lynn and Burton",London,Mid Level,47000,Software,"Java, Machine Learning, C++, AWS"
Clinical molecular geneticist,Gomez-Hernandez,San Francisco,Mid Level,72000,Retail,Merchandising
Therapeutic radiographer,"Mcgee, Holland and Bennett",London,Mid Level,87000,Healthcare,"Nursing, Medical Research, Pharmaceuticals"
Environmental consultant,Thomas LLC,New York,Entry Level,46000,Manufacturing,"Supply Chain, Quality Control, Production Planning"
Health and safety adviser,"Dunn, Nicholson and Booth",London,Senior Level,75000,Education,"EdTech, Research, Curriculum Design"
"Social research officer, government",Joseph Inc,San Francisco,Mid Level,104000,Manufacturing,Production Planning
IT technical support officer,Mccoy-Gonzalez,San Francisco,Senior Level,58000,Marketing,Content Writing
Structural engineer,"Cabrera, Russell and Alvarez",London,Mid Level,60000,Manufacturing,"Production Planning, Quality Control, Supply Chain"
Dietitian,Hoffman LLC,New York,Mid Level,78000,Marketing,"Google Ads, Social Media"
"Scientist, research (life sciences)","Lawrence, Romero and Rogers",Bangalore,Mid Level,146000,Healthcare,Nursing
"Therapist, music","Jimenez, Savage and Lewis",London,Mid Level,65000,Education,EdTech
Health and safety inspector,Torres-Peck,Berlin,Mid Level,45000,Finance,"Excel, Financial Modeling, Python"
Sports administrator,"Barry, Jackson and Romero",Berlin,Mid Level,121000,Manufacturing,"Production Planning, Quality Control, Supply Chain"
Contractor,"Jimenez, Cummings and Holt",London,Senior Level,134000,Manufacturing,"Quality Control, Supply Chain, Production Planning"
Public relations account executive,Gonzales and Sons,Sydney,Entry Level,127000,Education,EdTech
Visual merchandiser,Smith-Kelley,Berlin,Mid Level,143000,Marketing,"Google Ads, Market Research, Social Media, SEO"
Health and safety inspector,"Cox, Drake and Payne",Toronto,Senior Level,47000,Software,SQL
"Designer, graphic",Cannon-Forbes,San Francisco,Entry Level,88000,Education,"Teaching, Curriculum Design"
"Engineer, maintenance","Harmon, Sullivan and Davis",Toronto,Mid Level,121000,Manufacturing,"Quality Control, Supply Chain"
Nature conservation officer,"Bowen, Schwartz and Martin",Berlin,Mid Level,83000,Finance,Risk Analysis
Heritage manager,Miller-Simpson,Bangalore,Senior Level,107000,Marketing,Content Writing
"Engineer, civil (consulting)",Snyder-Scott,Berlin,Mid Level,88000,Education,"Teaching, Curriculum Design, Research, EdTech"
Plant breeder/geneticist,"Jones, Gonzalez and Bruce",Sydney,Senior Level,131000,Retail,"Customer Service, Sales, Merchandising"
Audiological scientist,Bray Inc,London,Senior Level,112000,Finance,"Risk Analysis, Python, Financial Modeling"
"Research officer, trade union","Jones, Edwards and Pierce",San Francisco,Entry Level,41000,Finance,"Risk Analysis, Financial Modeling"
"Designer, ceramics/pottery",Weiss and Sons,London,Senior Level,98000,Marketing,"Market Research, Social Media, Google Ads, Content Writing"
Sports therapist,Rogers Ltd,London,Mid Level,105000,Software,"Java, C++, React, SQL"
Armed forces logistics/support/administrative officer,Garcia and Sons,Berlin,Mid Level,119000,Education,"Curriculum Design, EdTech, Teaching, Research"
Science writer,Blackburn-Wright,Berlin,Mid Level,109000,Software,Java
Barrister,Ford-Walters,Berlin,Entry Level,93000,Marketing,Market Research
Local government officer,Newton-Ponce,London,Senior Level,93000,Manufacturing,Supply Chain
Customer service manager,Harper-Cox,Bangalore,Entry Level,48000,Retail,"Sales, Merchandising, Customer Service"
Sports administrator,"Brown, Hernandez and Braun",New York,Mid Level,52000,Marketing,Market Research
Furniture designer,Ferguson LLC,Berlin,Entry Level,97000,Manufacturing,"Production Planning, Quality Control, Supply Chain"
Manufacturing engineer,Mcbride-Cobb,Sydney,Senior Level,99000,Healthcare,"Patient Care, Nursing, Pharmaceuticals, Medical Research"
Town planner,Fleming-Bailey,Berlin,Senior Level,83000,Marketing,"Market Research, SEO"
Geophysicist/field seismologist,Kim-Ramos,New York,Mid Level,96000,Healthcare,"Patient Care, Pharmaceuticals, Medical Research"
"Producer, television/film/video",Taylor-Hunt,Bangalore,Entry Level,122000,Finance,"Python, Financial Modeling"
Operational investment banker,Cook Ltd,London,Mid Level,129000,Manufacturing,"Production Planning, Quality Control"
"Engineer, mining",Johnson-Williamson,Berlin,Senior Level,124000,Marketing,"Content Writing, Social Media"
Gaffer,Olson Group,Bangalore,Entry Level,137000,Retail,"Sales, Merchandising, Customer Service"
Orthoptist,Lewis LLC,Bangalore,Mid Level,62000,Education,"Teaching, Research, EdTech, Curriculum Design"
"Therapist, sports",Lee and Sons,San Francisco,Mid Level,130000,Marketing,Google Ads
Housing manager/officer,Robinson PLC,Toronto,Mid Level,96000,Education,"Curriculum Design, EdTech, Research, Teaching"
Outdoor activities/education manager,Mckinney Ltd,San Francisco,Mid Level,56000,Finance,"Risk Analysis, Python"
Chartered certified accountant,Dean Inc,Sydney,Entry Level,144000,Software,"Java, Machine Learning"
"Librarian, public","Martinez, Stark and Hunter",Bangalore,Entry Level,56000,Manufacturing,"Supply Chain, Production Planning"
Lexicographer,"Anderson, Reynolds and Underwood",Toronto,Entry Level,113000,Finance,"Risk Analysis, Financial Modeling, Excel"
Counselling psychologist,"Mendoza, Williams and Osborn",San Francisco,Mid Level,111000,Education,EdTech
"Designer, textile",Allen-Howard,New York,Mid Level,90000,Software,SQL
"Sales professional, IT",Duke-Ellis,Berlin,Senior Level,109000,Retail,"Customer Service, Merchandising, Sales"
Archaeologist,Wells-Dunn,Berlin,Entry Level,63000,Manufacturing,"Supply Chain, Quality Control, Production Planning"
Advertising account planner,Wilson Inc,Bangalore,Entry Level,59000,Manufacturing,Quality Control
Herpetologist,Coleman-Miller,London,Entry Level,143000,Manufacturing,"Supply Chain, Production Planning, Quality Control"
Human resources officer,Thomas-Munoz,Bangalore,Entry Level,149000,Manufacturing,"Production Planning, Supply Chain"
Systems developer,Crawford-Franco,New York,Mid Level,47000,Finance,Excel
Therapeutic radiographer,Morton Ltd,Sydney,Mid Level,86000,Manufacturing,"Supply Chain, Quality Control, Production Planning"
"Surveyor, building",Garcia PLC,London,Mid Level,115000,Education,"Teaching, Curriculum Design"
"Chemist, analytical","Ford, Boone and Johnson",Toronto,Senior Level,85000,Finance,SQL
Psychotherapist,Beasley-Hall,Bangalore,Mid Level,148000,Finance,"Python, Risk Analysis, Financial Modeling, Excel"
Technical brewer,"Marquez, Solomon and Phillips",Berlin,Mid Level,104000,Healthcare,"Patient Care, Medical Research, Pharmaceuticals, Nursing"
Telecommunications researcher,"Robbins, Kent and White",Sydney,Entry Level,102000,Finance,"Python, Risk Analysis, Excel"
"Engineer, broadcasting (operations)",Owens-Adams,London,Senior Level,65000,Manufacturing,Production Planning
"Engineer, biomedical",Harris Group,Berlin,Entry Level,40000,Healthcare,"Patient Care, Nursing, Medical Research, Pharmaceuticals"
Animal technologist,Cochran-Simpson,New York,Entry Level,52000,Education,"Research, Curriculum Design"
"Engineer, energy","Glenn, Robinson and Summers",New York,Entry Level,123000,Marketing,Google Ads
Youth worker,Taylor-Rodriguez,London,Mid Level,133000,Retail,"Sales, Merchandising"
Health promotion specialist,"Hernandez, Davila and Garcia",New York,Senior Level,137000,Education,"Teaching, Curriculum Design, EdTech"
Printmaker,Jones-Ford,Sydney,Mid Level,73000,Manufacturing,"Supply Chain, Quality Control"
Chartered legal executive (England and Wales),Washington Ltd,Berlin,Senior Level,124000,Marketing,"SEO, Google Ads, Market Research, Content Writing"
"Embryologist, clinical","Friedman, Elliott and Coleman",Bangalore,Senior Level,129000,Healthcare,"Medical Research, Pharmaceuticals, Nursing"
"Designer, television/film set",Dean-Nguyen,San Francisco,Mid Level,116000,Finance,Excel
Office manager,"Tucker, Nicholson and Villanueva",Bangalore,Mid Level,140000,Healthcare,"Nursing, Medical Research, Patient Care"
"Psychologist, clinical","Combs, Dyer and Williams",San Francisco,Mid Level,82000,Software,"Python, React, Machine Learning, SQL"
"Education officer, museum",Davis-King,Berlin,Mid Level,134000,Education,"EdTech, Research"
Systems developer,West-Anderson,Sydney,Mid Level,143000,Finance,Financial Modeling
Commissioning editor,Williams-Reed,London,Entry Level,108000,Manufacturing,Production Planning
